-- phpMyAdmin SQL Dump
-- version 5.0.4
-- https://www.phpmyadmin.net/
--
-- Host: 127.0.0.1:3306
-- Generation Time: Mar 28, 2021 at 01:51 AM
-- Server version: 8.0.19
-- PHP Version: 8.0.1

SET SQL_MODE = "NO_AUTO_VALUE_ON_ZERO";
START TRANSACTION;
SET time_zone = "+00:00";


/*!40101 SET @OLD_CHARACTER_SET_CLIENT=@@CHARACTER_SET_CLIENT */;
/*!40101 SET @OLD_CHARACTER_SET_RESULTS=@@CHARACTER_SET_RESULTS */;
/*!40101 SET @OLD_COLLATION_CONNECTION=@@COLLATION_CONNECTION */;
/*!40101 SET NAMES utf8mb4 */;

--
-- Database: `online_store`
--

-- --------------------------------------------------------

--
-- Table structure for table `customers`
--

CREATE TABLE `customers` (
  `CNUM` int NOT NULL,
  `CNAME` varchar(50) CHARACTER SET utf8 COLLATE utf8_bin NOT NULL,
  `CITY` varchar(50) CHARACTER SET utf8 COLLATE utf8_bin NOT NULL,
  `RATING` int NOT NULL,
  `SNUM` int NOT NULL
) ENGINE=InnoDB DEFAULT CHARSET=utf8 COLLATE=utf8_bin;

--
-- Dumping data for table `customers`
--

INSERT INTO `customers` (`CNUM`, `CNAME`, `CITY`, `RATING`, `SNUM`) VALUES
(2001, 'Hoffman', 'London', 100, 1001),
(2002, 'Giovanni', 'Rome', 200, 1003),
(2003, 'Liu', 'San Jose', 200, 1002),
(2004, 'Grass', 'Berlin', 300, 1002),
(2006, 'Clemens', 'London', 100, 1001),
(2008, 'Cisneros', 'San Jose', 300, 1007),
(2007, 'Pereira', 'Rome', 100, 1004);

-- --------------------------------------------------------

--
-- Table structure for table `orders`
--

CREATE TABLE `orders` (
  `ONUM` int NOT NULL,
  `AMT` float NOT NULL,
  `ODATE` date NOT NULL,
  `CNUM` int NOT NULL,
  `SNUM` int NOT NULL
) ENGINE=InnoDB DEFAULT CHARSET=utf8 COLLATE=utf8_bin;

--
-- Dumping data for table `orders`
--

INSERT INTO `orders` (`ONUM`, `AMT`, `ODATE`, `CNUM`, `SNUM`) VALUES
(3001, 18.69, '1990-03-10', 2008, 1007),
(3003, 767.19, '1990-03-10', 2001, 1001),
(3002, 1900.1, '1990-03-10', 2007, 1004),
(3005, 5160.45, '1990-03-10', 2003, 1002),
(3006, 1098.16, '1990-03-10', 2008, 1007),
(3009, 1713.23, '1990-03-10', 2002, 1003),
(3007, 75.75, '1990-03-10', 2004, 1002),
(3008, 4723, '1990-05-10', 2006, 1001),
(3010, 1309.95, '1990-06-10', 2004, 1002),
(3011, 9891.88, '1990-06-10', 2006, 1001);

-- --------------------------------------------------------

--
-- Table structure for table `salespeople`
--

CREATE TABLE `salespeople` (
  `SNUM` int NOT NULL,
  `SNAME` varchar(50) NOT NULL,
  `CITY` varchar(50) NOT NULL,
  `COMM` float NOT NULL
) ENGINE=InnoDB DEFAULT CHARSET=utf8mb4 COLLATE=utf8mb4_0900_ai_ci;

--
-- Dumping data for table `salespeople`
--

INSERT INTO `salespeople` (`SNUM`, `SNAME`, `CITY`, `COMM`) VALUES
(1001, 'Peel', 'London', 0.12),
(1002, 'Serres', 'San Jose', 0.13),
(1004, 'Motika', 'London', 0.11),
(1007, 'Rifkin', 'Barcelona', 0.15),
(1003, 'Axelrod', 'New York', 0.1);
COMMIT;

/*!40101 SET CHARACTER_SET_CLIENT=@OLD_CHARACTER_SET_CLIENT */;
/*!40101 SET CHARACTER_SET_RESULTS=@OLD_CHARACTER_SET_RESULTS */;
/*!40101 SET COLLATION_CONNECTION=@OLD_COLLATION_CONNECTION */;
